CFTR	F508del(CTT)	PA166117963.2
CFTR	F508del(TCT)	PA166117964.2
CFTR	G1244E	PA166117966.2
CFTR	G1349D	PA166117967.2
CFTR	G178R	PA166117968.2
CFTR	G551D	PA166117965.2
CFTR	G551S	PA166117969.2
CFTR	S1251N	PA166117970.2
CFTR	S1255P	PA166117971.2
CFTR	S549N	PA166117972.2
CFTR	S549R(A>C)	PA166117973.2
CFTR	S549R(T>G)	PA166117974.2
CYP2C19	*1	PA166128324.2
CYP2C19	*10	PA166128334.2
CYP2C19	*11	PA166128335.2
CYP2C19	*13	PA166128336.2
CYP2C19	*15	PA166128337.2
CYP2C19	*16	PA166128338.2
CYP2C19	*17	PA166128332.2
CYP2C19	*18	PA166128339.2
CYP2C19	*19	PA166128340.2
CYP2C19	*2	PA166128325.2
CYP2C19	*22	PA166128341.2
CYP2C19	*24	PA166128342.2
CYP2C19	*25	PA166128343.2
CYP2C19	*26	PA166128344.2
CYP2C19	*28	PA166128345.2
CYP2C19	*3	PA166128326.2
CYP2C19	*4	PA166128327.2
CYP2C19	*5	PA166128328.2
CYP2C19	*6	PA166128329.2
CYP2C19	*7	PA166128330.2
CYP2C19	*8	PA166128331.2
CYP2C19	*9	PA166128333.2
CYP2C9	*1	PA165816542.5
CYP2C9	*11	PA165816552.5
CYP2C9	*12	PA165816553.5
CYP2C9	*13	PA165816554.5
CYP2C9	*15	PA165816556.5
CYP2C9	*2	PA165816543.6
CYP2C9	*25	PA165816559.5
CYP2C9	*3	PA165816544.6
CYP2C9	*31	PA165816560.5
CYP2C9	*4	PA165816545.5
CYP2C9	*5	PA165816546.5
CYP2C9	*6	PA165816547.5
CYP2C9	*8	PA165816549.5
CYP2C9	*9	PA165816550.5
CYP2D6	*1	PA165816576.20
CYP2D6	*10	PA165816582.20
CYP2D6	*100	PA166123340.12
CYP2D6	*101	PA166123341.12
CYP2D6	*10x2	PA166123456.12
CYP2D6	*11	PA165971564.17
CYP2D6	*12	PA165971565.17
CYP2D6	*13	PA165988481.16
CYP2D6	*14A	PA165971566.17
CYP2D6	*14B	PA165971567.17
CYP2D6	*15	PA165971568.17
CYP2D6	*17	PA165816583.20
CYP2D6	*17x2	PA166123457.12
CYP2D6	*18	PA165971569.17
CYP2D6	*19	PA165971570.17
CYP2D6	*1xN	PA165988479.16
CYP2D6	*2	PA165816577.20
CYP2D6	*20	PA165971571.17
CYP2D6	*21	PA165988484.16
CYP2D6	*27	PA165971579.17
CYP2D6	*29	PA165948318.19
CYP2D6	*29x2	PA166128735.5
CYP2D6	*2xN	PA165988480.16
CYP2D6	*3	PA165816578.20
CYP2D6	*31	PA165971582.17
CYP2D6	*33	PA165971584.17
CYP2D6	*34	PA165971585.17
CYP2D6	*35	PA165988487.16
CYP2D6	*35xN	PA165971588.17
CYP2D6	*36	PA165988488.16
CYP2D6	*36xN	PA165971589.17
CYP2D6	*38	PA165971592.17
CYP2D6	*39	PA166001447.16
CYP2D6	*3xN	PA166128733.5
CYP2D6	*4	PA165816579.20
CYP2D6	*40	PA165971594.17
CYP2D6	*41	PA165816584.20
CYP2D6	*41x2	PA166128209.6
CYP2D6	*42	PA165971595.17
CYP2D6	*44	PA165971597.17
CYP2D6	*45	PA165988489.16
CYP2D6	*45xN	PA165988490.16
CYP2D6	*46	PA165971600.17
CYP2D6	*47	PA165971601.17
CYP2D6	*48	PA165971602.17
CYP2D6	*49	PA165971603.17
CYP2D6	*4xN	PA166123455.12
CYP2D6	*5	PA165948092.19
CYP2D6	*50	PA165971604.17
CYP2D6	*51	PA165971605.17
CYP2D6	*53	PA165971607.17
CYP2D6	*54	PA165971608.17
CYP2D6	*55	PA165971609.17
CYP2D6	*56A	PA165971610.17
CYP2D6	*56B	PA165971611.17
CYP2D6	*57	PA165971612.17
CYP2D6	*59	PA165971614.17
CYP2D6	*6	PA165816581.20
CYP2D6	*62	PA165971617.17
CYP2D6	*68	PA166128736.5
CYP2D6	*69	PA165971621.17
CYP2D6	*6xN	PA166128734.5
CYP2D6	*7	PA165971559.17
CYP2D6	*72	PA165971624.17
CYP2D6	*8	PA165971560.17
CYP2D6	*9	PA165948317.19
CYP2D6	*92	PA166123332.12
CYP2D6	*9x2	PA166123309.12
CYP3A5	*1	PA166128213.0
CYP3A5	*2	PA166128218.0
CYP3A5	*3	PA166128219.0
CYP3A5	*4	PA166128231.0
CYP3A5	*5	PA166128232.0
CYP3A5	*6	PA166128233.0
CYP3A5	*7	PA166128234.0
CYP3A5	*8	PA166128235.0
CYP3A5	*9	PA166128236.0
DPYD	*1	PA166128308.0
DPYD	*13	PA166128322.0
DPYD	*2A	PA166128309.0
DPYD	*4	PA166128312.0
DPYD	*5	PA166128313.0
DPYD	*6	PA166128314.0
DPYD	*9A	PA166128317.0
DPYD	rs67376798A	PA166122690.0
G6PD	202G>A_376A>G_1264C>G	PA166121206.0
G6PD	A- 202A_376G	PA165947827.5
G6PD	Aachen	PA166121163.0
G6PD	Abeno	PA166121144.0
G6PD	Acrokorinthos	PA166121114.0
G6PD	Alhambra	PA166121180.0
G6PD	Amazonia	PA166121108.0
G6PD	Amiens	PA166121197.0
G6PD	Amsterdam	PA166121205.0
G6PD	Anadia	PA166121143.0
G6PD	Ananindeua	PA166121116.0
G6PD	Andalus	PA166121151.0
G6PD	Arakawa	PA166121202.0
G6PD	Asahi	PA166121085.0
G6PD	Asahikawa	PA166121222.0
G6PD	Aures	PA166121079.0
G6PD	Aveiro	PA166121226.0
G6PD	B (wildtype)	PA165947826.4
G6PD	Bajo Maumere	PA166121102.0
G6PD	Bangkok	PA166121229.0
G6PD	Bangkok Noi	PA166121198.0
G6PD	Bao Loc	PA166121112.0
G6PD	Bari	PA166121181.0
G6PD	Belem	PA166121119.0
G6PD	Beverly Hills, Genova, Iwate, Niigata, Yamaguchi	PA166121174.0
G6PD	Brighton	PA166121203.0
G6PD	Buenos Aires	PA166121201.0
G6PD	Calvo Mackenna	PA166121166.0
G6PD	Campinas	PA166121200.0
G6PD	Canton, Taiwan-Hakka, Gifu-like, Agrigento-like	PA166121153.0
G6PD	Cassano	PA166121148.0
G6PD	Chatham	PA166121139.0
G6PD	Chikugo	PA166121214.0
G6PD	Chinese-1	PA166121133.0
G6PD	Chinese-5	PA166121073.0
G6PD	Cincinnati	PA166121219.0
G6PD	Cleveland Corum	PA166121227.0
G6PD	Clinic	PA166121184.0
G6PD	Coimbra Shunde	PA166121128.0
G6PD	Cosenza	PA166121152.0
G6PD	Costanzo	PA166121107.0
G6PD	Covao do Lobo	PA166121183.0
G6PD	Crispim	PA166121113.0
G6PD	Durham	PA166121223.0
G6PD	Figuera da Foz	PA166121196.0
G6PD	Flores	PA166121154.0
G6PD	Fukaya	PA166121199.0
G6PD	Fushan	PA166121140.0
G6PD	G6PD A- 680T_376G	PA165947828.5
G6PD	G6PD A- 968C_376G	PA165947829.5
G6PD	G6PDNice	PA166121076.0
G6PD	Gaohe	PA166121105.0
G6PD	Georgia	PA166121191.0
G6PD	Guadalajara	PA166121173.0
G6PD	Guangzhou	PA166121089.0
G6PD	Haikou	PA166121132.0
G6PD	Hammersmith	PA166121090.0
G6PD	Harilaou	PA166121220.0
G6PD	Harima	PA166121195.0
G6PD	Hartford	PA166121175.0
G6PD	Hechi	PA166121110.0
G6PD	Hermoupolis	PA166121149.0
G6PD	Honiara	PA166121239.0
G6PD	Ierapetra	PA166121142.0
G6PD	Ilesha	PA166121095.0
G6PD	Insuli	PA166121072.0
G6PD	Iowa, Walter Reed, Springfield	PA166121172.0
G6PD	Iwatsuki	PA166121159.0
G6PD	Japan, Shinagawa	PA166121188.0
G6PD	Kaiping, Anant, Dhon, Sapporo-like, Wosera	PA166121155.0
G6PD	Kalyan-Kerala, Jamnaga, Rohini	PA166121104.0
G6PD	Kambos	PA166121081.0
G6PD	Kamiube, Keelung	PA166121077.0
G6PD	Kamogawa	PA166121106.0
G6PD	Kawasaki	PA166121189.0
G6PD	Kozukata	PA166121204.0
G6PD	Krakow	PA166121177.0
G6PD	La Jolla	PA166121231.0
G6PD	Lages	PA166121094.0
G6PD	Lagosanto	PA166121088.0
G6PD	Lille	PA166121228.0
G6PD	Liuzhou	PA166121120.0
G6PD	Loma Linda	PA166121162.0
G6PD	Ludhiana	PA166121138.0
G6PD	Lynwood	PA166121170.0
G6PD	Madrid	PA166121171.0
G6PD	Mahidol	PA166121096.0
G6PD	Malaga	PA166121097.0
G6PD	Manhattan	PA166121237.0
G6PD	Mediterranean, Dallas, Panama' Sassari, Cagliari, Birmingham	PA166121127.0
G6PD	Metaponto	PA166121083.0
G6PD	Mexico City	PA166121099.0
G6PD	Miaoli	PA166121126.0
G6PD	Minnesota, Marion, Gastonia, LeJeune	PA166121218.0
G6PD	Mira d'Aire	PA166121070.0
G6PD	Mizushima	PA166121134.0
G6PD	Montalbano	PA166121103.0
G6PD	Montpellier	PA166121165.0
G6PD	Mt Sinai	PA166121210.0
G6PD	Munich	PA166121190.0
G6PD	Murcia Oristano	PA166121086.0
G6PD	Musashino	PA166121084.0
G6PD	Namouru	PA166121111.0
G6PD	Nankang	PA166121125.0
G6PD	Nanning	PA166121100.0
G6PD	Naone	PA166121124.0
G6PD	Nara	PA166121236.0
G6PD	Nashville, Anaheim, Portici	PA166121179.0
G6PD	Neapolis	PA166121078.0
G6PD	Nilgiri	PA166121129.0
G6PD	North Dallas	PA166121221.0
G6PD	Olomouc	PA166121168.0
G6PD	Omiya	PA166121235.0
G6PD	Orissa	PA166121075.0
G6PD	Osaka	PA166121135.0
G6PD	Palestrina	PA166121082.0
G6PD	Partenope	PA166121141.0
G6PD	Pawnee	PA166121146.0
G6PD	Pedoplis-Ckaro	PA166121216.0
G6PD	Piotrkow	PA166121233.0
G6PD	Plymouth	PA166121211.0
G6PD	Praha	PA166121176.0
G6PD	Puerto Limon	PA166121182.0
G6PD	Quing Yan	PA166121093.0
G6PD	Radlowo	PA166121130.0
G6PD	Rehevot	PA166121238.0
G6PD	Rignano	PA166121074.0
G6PD	Riley	PA166121167.0
G6PD	Riverside	PA166121187.0
G6PD	Roubaix	PA166121131.0
G6PD	S. Antioco	PA166121147.0
G6PD	Salerno Pyrgos	PA166121092.0
G6PD	Santa Maria	PA166121115.0
G6PD	Santiago	PA166121217.0
G6PD	Santiago de Cuba, Morioka	PA166121194.0
G6PD	Sao Borja	PA166121071.0
G6PD	Seattle, Lodi, Modena, Ferrara II, Athens-like	PA166121101.0
G6PD	Seoul	PA166121137.0
G6PD	Serres	PA166121160.0
G6PD	Shenzen	PA166121121.0
G6PD	Shinshu	PA166121213.0
G6PD	Sibari	PA166121098.0
G6PD	Sinnai	PA166121091.0
G6PD	Songklanagarind	PA166121109.0
G6PD	Split	PA166121080.0
G6PD	Stonybrook	PA166121224.0
G6PD	Sugao	PA166121230.0
G6PD	Sumare	PA166121192.0
G6PD	Sunderland	PA166121158.0
G6PD	Surabaya	PA166121145.0
G6PD	Suwalki	PA166121186.0
G6PD	Swansea	PA166121207.0
G6PD	Taipei' Chinese-3	PA166121122.0
G6PD	Telti/Kobe	PA166121193.0
G6PD	Tenri	PA166121164.0
G6PD	Toledo	PA166121123.0
G6PD	Tomah	PA166121169.0
G6PD	Tondela	PA166121161.0
G6PD	Torun	PA166121157.0
G6PD	Tsukui	PA166121215.0
G6PD	Ube Konan	PA166121087.0
G6PD	Union,Maewo, Chinese-2, Kalo	PA166121150.0
G6PD	Urayasu	PA166121208.0
G6PD	Utrecht	PA166121185.0
G6PD	Valladolid	PA166121118.0
G6PD	Vancouver	PA166121209.0
G6PD	Vanua Lava	PA166121117.0
G6PD	Viangchan, Jammu	PA166121136.0
G6PD	Villeurbanne	PA166121156.0
G6PD	Volendam	PA166121212.0
G6PD	Wayne	PA166121225.0
G6PD	West Virginia	PA166121234.0
G6PD	Wexham	PA166121232.0
G6PD	Wisconsin	PA166121178.0
HLA-B	*15:02:01	PA165954769.1
HLA-B	*57:01:01	PA165956565.3
HLA-B	*58:01	PA165987831.1
IFNL3	rs12979860C	PA166129427.1
IFNL3	rs12979860T	PA166129428.1
SLCO1B1	*10	PA166128250.1
SLCO1B1	*14	PA166128254.1
SLCO1B1	*15	PA166128255.1
SLCO1B1	*17	PA166128257.1
SLCO1B1	*1A	PA166128239.1
SLCO1B1	*1B	PA166128240.1
SLCO1B1	*2	PA166128242.1
SLCO1B1	*23	PA166128263.1
SLCO1B1	*3	PA166128243.1
SLCO1B1	*31	PA166128271.1
SLCO1B1	*35	PA166128275.1
SLCO1B1	*5	PA166128245.1
SLCO1B1	*6	PA166128246.1
SLCO1B1	*9	PA166128249.1
TPMT	*1	PA165819268.8
TPMT	*2	PA165819269.8
TPMT	*3A	PA165819270.9
TPMT	*3B	PA165819271.8
TPMT	*3C	PA165819272.8
TPMT	*4	PA165819274.8
UGT1A1	*1	PA166115841.5
UGT1A1	*28	PA166115842.5
UGT1A1	*36	PA166115843.5
UGT1A1	*37	PA166115844.5
UGT1A1	*6	PA166115858.5
UGT1A1	*80	PA166115850.5
