GENE:VKORC1	04/12/16
	Nucleotide Change	-1639G>A
	Effect on protein NP_076869.1	nearGene-5
	Position at NC_000016.10 (Homo sapiens chromosome 16, GRCh38.p2)	g.31096368C>T
	Position at NG_011564.1 (VKORC1 RefSeqGene)	g.3588G>A
	rsID	rs9923231
Allele	Allele Functional Status		African Allele Frequency	African American Allele Frequency	Caucasian (European + North American) Allele Frequency	Middle Eastern Allele Frequency	East Asian Allele Frequency	South/Central Asian Allele Frequency	Americas Allele Frequency	Oceanian Allele Frequency
-1639G		C								
-1639A		T								
	
	
